{"cameraMode":{"drawMode":0,"name":"Shaded","section":"Shading Mode"},"sceneLighting":true,"audioPlay":false,"sceneViewState":{"m_AlwaysRefresh":false,"showFog":true,"showSkybox":false,"showFlares":true,"showImageEffects":true,"showParticleSystems":true,"showVisualEffectGraphs":true,"m_FxEnabled":true},"in2DMode":false,"pivot":{"x":6.620326042175293,"y":3.2127225399017336,"z":-1.7639362812042237},"rotation":{"x":-0.11915741860866547,"y":0.2635529339313507,"z":-0.032825205475091937,"w":-0.9567278027534485},"size":1.5945008993148804,"orthographic":false}